Entity,Count,Avg Sentiment
experience,78,0.5705128164054492
executive room,8,0.27499999664723873
executive rooms,3,-0.033333333830038704
room,285,0.2807017522161467
booking,12,0.08333333333333333
level,25,0.08800000011920929
service,229,0.64279475909003
choice,15,0.2733333334326744
hotel,366,0.3775956291155737
raymond,316,0.6265822786460572
staff,240,0.6091666636367639
hospitality,49,0.6306122412182846
food menu,1,0.8999999761581421
check out,1,0.699999988079071
ala carte,1,0.8999999761581421
anyone,7,0.2857142857142857
quality,11,0.7090909074653279
f&b,1,0.8999999761581421
singapore,53,0.4603773647884153
arrival,15,0.25333333214124043
check-in,18,0.1722222235467699
raymond & siti,3,0.7333333293596903
anybody,2,0.5
f1 season,1,0.4000000059604645
new york city,1,0.10000000149011612
countries,1,0.0
kindness,5,0.6200000047683716
siti,29,0.5758620708666998
amara,145,0.5317241381468444
club floor,1,0.699999988079071
deck,1,0.699999988079071
elements,6,0.43333333854873973
attention,18,0.4888888912068473
restaurants,40,0.44000000040978193
tras,4,0.6499999910593033
vin,1,0.800000011920929
sights,1,0.800000011920929
drinks,7,0.5142857198204313
location,109,0.6862385292802382
jessy,4,0.6499999947845936
concierge,24,0.4708333319673936
help,23,0.5565217461275018
thanks,73,0.7780821874533614
mails,1,0.20000000298023224
checkout,18,0.2944444509016143
especial,1,0.800000011920929
bathtub,13,0.2692307698038908
roon,1,0.6000000238418579
checking,3,0.3333333457509677
touch,4,0.4000000059604645
engineering staff,1,0.800000011920929
housekeepers,1,0.800000011920929
stay,236,0.5813559307637861
mention,13,0.6384615347935603
reception staff,8,0.5500000044703484
details,12,0.5166666743656
concierge raymond,2,0.75
amara hotel,42,0.4833333306014538
onah,1,0.6000000238418579
goodies,1,0.20000000298023224
refurbishment,6,-2.483526865641276e-09
shout,3,0.6666666666666666
hugs,1,0.0
children,3,0.09999999403953552
cleaner,1,0.6000000238418579
place,40,0.5149999998509884
breakfast,67,0.3641791046777768
floor,21,0.2000000019158636
buffet spread,2,0.4000000059604645
coziest,1,0.6000000238418579
reception,42,0.340476191646996
resort,1,0.8999999761581421
services,21,0.6523809482653936
one,33,0.24848484722050754
sheets,2,-0.04999999701976776
amenities.,1,0.30000001192092896
needs.,1,0.20000000298023224
care,40,0.5400000039488078
memories,1,0.8999999761581421
person,22,0.6045454550873149
check,30,0.4633333337803682
experience.,1,0.699999988079071
home,20,0.5050000015646219
chan,1,0.699999988079071
oonah,12,0.6999999911834797
team,72,0.7236111055438718
rooms,111,0.3342342290121156
faces,5,0.3599999979138374
work trip,1,0.8999999761581421
mustaffa,1,0.8999999761581421
hotel workers,1,0.800000011920929
worries,3,0.7333333293596903
airport pickup,1,0.699999988079071
lifetime,1,-0.800000011920929
kettle,3,-0.23333332935969034
room service guy,1,-0.800000011920929
room service,17,0.1588235230130308
job,9,0.633333318763309
waste,1,-0.699999988079071
money,8,0.10000000149011612
office,4,0.6249999925494194
spread,6,0.566666675110658
room sizes,1,0.5
reviews,7,0.3714285748345511
adapter,1,0.0
pros,4,0.14999999478459358
air conditioning,4,-0.40000000409781933
lots,16,0.5437500062398612
eateries,15,0.3266666705409686
transport,5,0.27999999523162844
supermarket,10,0.22000000327825547
cleaning smell,1,-0.699999988079071
smell,4,-0.3999999910593033
hotels,12,0.2166666742414236
couple,7,0.09999999829701015
outlets,1,-0.10000000149011612
pillow,3,0.13333333283662796
half,3,-0.06666667262713115
chinatown,12,0.43333333792785805
smoke smell,1,-0.6000000238418579
lift button,1,-0.10000000149011612
worst,2,-0.5
all,23,0.5521739157645599
cons,2,-0.30000001192092896
desk,31,0.35806451978222015
investigation,1,0.0
lifts,1,0.0
bits,1,-0.20000000298023224
use,5,0.2800000041723251
tape,1,0.0
vehicle number,1,0.4000000059604645
requests,37,0.5135135165340191
plugs,2,-0.14999999105930328
furniture,8,-0.23750000167638063
usb,1,-0.699999988079071
air con,2,-0.3499999940395355
drains,2,-0.44999999552965164
pool,39,0.5871794816011038
explanation,3,-0.40000000844399136
expectations,7,0.5
peoples,1,0.20000000298023224
customer service,31,0.6806451562912234
soulless,1,0.20000000298023224
business trip,5,-0.019999997317790986
welcome,8,0.5874999947845936
everthing,1,0.699999988079071
darryl,1,0.5
meeting facilities,1,0.5
contact,6,0.5333333437641462
bag storage,1,-0.10000000149011612
issues,17,0.2705882349435021
confusion,1,-0.20000000298023224
nice,2,0.2499999925494194
return,3,0.36666666467984516
guests,27,0.25555555715605066
facelift,2,0.10000000521540642
flight,13,0.23076923191547394
pool area,6,0.7166666612029076
drilling,1,-0.10000000149011612
idea,2,0.10000000521540642
building sites,1,-0.10000000149011612
fault,1,0.0
speakers,1,0.0
building noise,1,0.10000000149011612
europe,1,0.20000000298023224
hand,4,0.3000000026077032
go,1,0.0
solution,4,0.375
earplugs,1,0.0
airpods,1,0.10000000149011612
space,6,0.5166666656732559
bathrooms,6,0.36666666467984516
beds,5,0.34000000208616254
centre,4,0.525000000372529
tourist attractions,1,0.6000000238418579
lines,1,0.699999988079071
stations,4,0.4750000089406967
markets,2,0.25
side,7,-0.057142850543771474
amenities,22,0.6136363636363636
mrt,15,0.5333333397905032
7-elevens,1,0.0
walk,10,0.2600000038743019
mall,22,0.2818181866949255
star standard hotel,1,0.0
star maximum,1,0.0
bath,4,0.07499999739229679
premier room,1,0.30000001192092896
deluxe,1,0.4000000059604645
hallway,2,-0.20000000298023224
question,2,0.30000000074505806
leslie,2,0.800000011920929
suite,5,0.4800000056624413
bathroom,17,0.22352941202766755
hall,1,-0.10000000149011612
marks,2,-0.30000001192092896
splatters,1,-0.4000000059604645
photo,5,-0.11999999284744263
dirt,2,-0.3499999940395355
carpets,1,-0.800000011920929
perimeter,1,-0.699999988079071
dust,5,-0.20000000596046447
wallpaper,1,-0.6000000238418579
everywhere,6,0.38333333532015484
rajeev,3,0.8333333333333334
banquet,7,0.6000000004257474
matters,5,0.3600000023841858
food,110,0.5790909061377699
lunch banquet,1,0.800000011920929
company,4,0.375
balloon sword,1,0.10000000149011612
offer,1,0.4000000059604645
elements restaurant,1,0.30000001192092896
son,11,0.2818181853402745
colleague,2,0.44999999552965164
service staff,4,0.42500000074505806
entrance,4,0.3750000074505806
transportation,1,0.6000000238418579
tanjong pagar,16,0.4999999990686774
maxwell,4,0.5000000149011612
opportunity,4,0.3750000037252903
necessities,1,0.0
score,1,0.0
mould,5,-0.23999999612569808
hallways,4,-0.44999999180436134
showers,2,-0.05000000074505806
management,5,-0.10000001192092896
manner,3,0.06666667262713115
area,14,0.45714285916515757
bedroom,3,0.06666666766007741
amara singapore,47,0.42340425608005927
trip,19,0.4789473720287022
assistance,7,0.699999988079071
travel requirements,1,0.4000000059604645
tourist recommendations,1,0.6000000238418579
efforts,5,0.49999999403953554
way,27,0.41851852227140357
everything,35,0.525714285671711
room arrangement,1,0.800000011920929
meeting setting,1,0.800000011920929
hotel location,3,0.7333333293596903
banquet team,2,0.800000011920929
group meeting,1,0.800000011920929
meeting,4,0.4000000059604645
group,3,0.36666667461395264
weather,3,0.5000000124176344
hotel staff,25,0.5560000026226044
breakfast food,1,0.800000011920929
needs,36,0.49444444808695054
kind,11,0.6818181852048094
sg,6,0.5166666669150194
experiences,4,0.7249999940395355
flight delay,1,0.6000000238418579
meals,5,0.44000000059604644
people,24,0.38333333438883227
opportunities,1,0.800000011920929
times,14,0.35714286299688475
places,21,0.45714286289044787
tourists,2,0.7999999821186066
lady,7,0.07142857994352068
sightseeing stuff,1,0.30000001192092896
vacation,4,0.07500000298023224
visit,18,0.5944444412986437
radius,2,0.3500000089406967
employees,3,0.433333324889342
story,3,0.23333332935969034
hosts,2,0.8499999940395355
sunny,3,0.7666666706403097
others,9,0.5333333354857233
nature,2,0.800000011920929
accomodation,1,0.8999999761581421
insghts,1,0.8999999761581421
family visits,1,0.30000001192092896
friend,7,0.3571428582072258
durian,1,0.10000000149011612
massage,1,0.5
tips,6,0.5333333313465118
road,3,0.23333333432674408
game,1,0.10000000149011612
family accommodation,1,0.6000000238418579
views,2,0.7999999821186066
awesome,1,0.6000000238418579
appearance,2,0.15000000223517418
devices,1,-0.10000000149011612
interior,1,-0.20000000298023224
television,1,-0.20000000298023224
bathroom fitting,1,-0.5
china town,6,0.4500000017384688
part,7,0.42857142963579725
hassle,2,0.30000001192092896
gravy,1,0.20000000298023224
biryani,1,0.20000000298023224
queries,6,0.566666675110658
concerns,3,0.30000001192092896
case,5,0.04000000059604645
shop,1,0.4000000059604645
joshua,5,0.5600000023841858
indian,3,0.0
grab,1,0.10000000149011612
kailash parbat,1,0.0
indians,1,0.0
pubs,2,0.45000001788139343
fairprice,2,0.20000000298023224
cafes,4,0.625
bakery,2,0.45000001788139343
sonaa grill,1,0.0
japanese,10,0.0
advantages,1,0.800000011920929
star,4,0.550000011920929
hawkers,1,0.800000011920929
faculties,1,0.800000011920929
locations,2,0.6500000059604645
club level,3,0.0
access,12,0.5999999983857075
laundry,3,-0.16666666915019354
shoutout,5,0.4999999970197678
matter,4,0.375
issue,19,0.06315789332515315
helpfulness,1,0.8999999761581421
records,1,0.0
check inn,1,0.800000011920929
oonahand yamon,1,0.8999999761581421
concierge n luggage assistance,1,0.8999999761581421
premier rooms,1,0.800000011920929
personality,3,0.8666666547457377
time,15,0.2066666692495346
friends,26,0.47692308116417664
family,50,0.442000003606081
facilities,18,0.5666666639347872
most,5,0.3999999985098839
managers,1,0.30000001192092896
gold,1,0.699999988079071
bunch,1,0.6000000238418579
guys,5,0.7799999952316284
housekeeping,13,0.5076922986369866
city,9,0.5555555638339784
heritage,3,0.46666668355464935
simplicity,1,0.6000000238418579
gem,5,0.6
food outlets,2,0.75
big,3,0.700000007947286
apartment,6,0.6666666530072689
training,2,0.0
trainer,2,0.0
trainings,1,0.4000000059604645
mobility challenges,1,0.6000000238418579
charge,2,0.6500000059604645
arizona,1,0.0
walking distance,13,0.4307692348957062
activities,1,0.699999988079071
hotel rooms,3,0.0
architecture,1,0.699999988079071
cbd,9,0.5666666626930237
buildings,3,0.3333333308498065
refurbishment exercise,1,0.0
age,2,0.5999999940395355
laupasat,1,0.699999988079071
gentlemen,2,0.5999999940395355
much,2,0.05000000074505806
bernard goh,1,0.6000000238418579
richard,1,0.5
service levels,1,0.4000000059604645
amara sg,2,0.45000001788139343
daughter,7,0.2142857164144516
guest relation,1,0.6000000238418579
families,3,0.699999988079071
bag,2,0.30000001192092896
break,1,0.5
bintan,1,0.6000000238418579
shopping mall,9,0.5000000082784228
kids,24,0.3750000027939677
post office,1,0.699999988079071
cards,1,-0.5
drawback,1,-0.5
key,1,-0.699999988079071
bags,4,-0.3000000026077032
pillows,3,0.5666666626930237
tourism center,1,0.30000001192092896
muz,1,0.699999988079071
lobby,22,0.3363636369732293
shower,12,-0.008333335320154825
train station,2,0.550000011920929
alot,7,0.21428571109260833
amara hotel singapore,7,0.5142857144985881
hotel stay stay,1,0.800000011920929
heart,10,0.5200000010430813
desk staff,7,0.6571428573557309
property,13,0.5461538439759841
bus stop,2,0.0
metro station,3,0.0
terms,4,0.29999999701976776
plus,1,0.6000000238418579
mr,2,0.7000000178813934
manager,5,0.34000000506639483
tanjing,1,0.0
great human being,1,0.699999988079071
guest,20,0.29500000514090063
sunny sra,1,0.699999988079071
top genaral,1,0.699999988079071
names,4,0.42500001192092896
the club suite,1,-0.10000000149011612
things,14,0.257142858845847
staffs,25,0.5199999991059303
parking exit issue,1,0.6000000238418579
patience,4,0.4000000059604645
questions,7,0.2857142857142857
process,9,0.5222222275204129
queue,11,-0.12727272645993667
systems,1,0.20000000298023224
service professional,1,0.5
wedding dinner,2,-0.10000000149011612
suitcases,2,0.5499999970197678
boxes,2,0.25
mangoes,1,0.4000000059604645
recommendations,8,0.3875000076368451
packet,1,0.10000000149011612
customers,11,0.30000000311569736
restaurant,18,0.36666666509376633
middle,3,0.46666667113701504
everyting,1,0.5
taxi,3,0.7333333293596903
augustine,1,0.699999988079071
front desk,11,0.4090909111228856
lock,2,0.15000000223517418
robot,2,0.15000000596046448
renovation,5,0.040000003576278684
fashion decoration,1,0.800000011920929
kinds,1,0.800000011920929
airport,6,0.20000000298023224
stopover,1,0.8999999761581421
problem,11,0.045454546131870964
delights,2,0.6000000089406967
asian,4,0.0
firm mattress,1,0.800000011920929
cuisine,7,0.48571429188762394
upgrade,11,0.13636363975026392
oorna,1,0.699999988079071
lot,27,0.44074074344502556
luggages,3,0.3333333457509677
great support,1,0.10000000149011612
center,2,0.05000000074505806
complex,1,0.10000000149011612
feet,1,0.20000000298023224
life hacks,1,0.20000000298023224
rest,13,0.5769230774961985
buffet breakfast,4,0.7999999970197678
desk team,1,0.8999999761581421
gym,22,0.4818181751126593
power points,1,0.0
prefect,1,0.0
mile,19,0.5894736812302941
nights,14,0.12142857323799815
gymnasium,1,0.8999999761581421
buffet,5,0.5000000074505806
menu,7,0.1000000068119594
presentation,2,0.15000000596046448
fruit files,1,0.0
pest,1,0.0
value,7,0.4428571451987539
rabbit decoration,1,0.0
pastries,3,-0.23333333929379782
unhygienic,1,-0.4000000059604645
look,1,-0.5
buffet table,1,0.0
thankyou,2,0.8499999940395355
recollections,1,0.8999999761581421
credit,4,0.4000000096857548
bedrooms,2,0.20000000298023224
bathrooms suite,1,0.10000000149011612
size,6,0.6333333216607571
living room,3,0.0
food court,1,0.30000001192092896
street,5,0.0800000011920929
bus stops,2,0.45000001788139343
hawker center,1,0.20000000298023224
cart menu,1,0.0
hotel restaurant element,2,0.10000000149011612
chef zhen,1,0.699999988079071
recommendation,1,0.800000011920929
service level,1,0.699999988079071
price,16,0.4749999982304871
ice,4,0.2749999985098839
glasses,3,0.29999999205271405
slippers,1,0.8999999761581421
sight,1,0.8999999761581421
hotel pool,1,0.8999999761581421
station,10,0.4100000075995922
soaps,1,0.8999999761581421
dressing gown,1,0.8999999761581421
shampoo,1,0.8999999761581421
plenty,8,0.6249999944120646
points,3,0.4999999801317851
bed,21,0.24285713938020526
shopping centre,4,0.5
juices,1,0.30000001192092896
buffet style,1,0.30000001192092896
fridge,3,0.03333332141240438
wine,5,0.319999997317791
beer,4,0.32499999552965164
water,21,0.07142857036420278
variety,14,0.485714287097965
type food,1,0.30000001192092896
tea coffee,1,0.30000001192092896
english,1,0.0
gratitude,4,0.6499999985098839
masterpiece,1,0.6000000238418579
dinner experience,1,0.699999988079071
establishment,1,0.699999988079071
compliments,4,0.6749999970197678
appreciation,8,0.5125000141561031
waitress,1,0.8999999761581421
flavor,1,0.699999988079071
detail,3,0.6666666666666666
chef,1,0.8999999761581421
dish,2,0.699999988079071
creativity,1,0.8999999761581421
skill,2,0.5999999940395355
dinner,16,0.24375000083819032
awe,1,0.8999999761581421
talent,1,0.8999999761581421
ingredients,1,0.800000011920929
bite,1,0.699999988079071
chef chen,1,0.8999999761581421
renovation work,1,0.0
premier,1,0.20000000298023224
order,6,-0.049999998261531196
doctor,1,0.10000000149011612
nathan,1,0.800000011920929
luggage,7,-0.042857153075081963
parking arrangements,1,0.699999988079071
raymond & joshua,1,0.800000011920929
dedication,2,0.75
hong yue,1,0.800000011920929
staff member,5,0.7399999916553497
partner,7,0.27142857547317234
mine,3,0.13333333532015482
birthday,14,0.32857143027441843
point,6,0.45000000049670535
town,5,0.6000000029802323
chance,2,0.19999999925494194
localities,1,0.0
club room,15,-0.04000000009934108
oanah,1,0.6000000238418579
shopping areas,1,0.10000000149011612
suggestion,1,0.0
dishes,5,0.4800000101327896
mrts,1,0.20000000298023224
client conference,1,0.5
conference,3,0.40000000099341076
banquet manager,2,0.8499999940395355
colleagues,7,0.271428576537541
conferences,1,0.699999988079071
raymond (concierge team,1,0.8999999761581421
roland,1,0.8999999761581421
lorena,1,0.8999999761581421
forum global,1,0.8999999761581421
hawker centres,1,0.5
shopping,5,0.4800000011920929
bars,6,0.5000000111758709
hustle,1,0.699999988079071
city centre,1,0.800000011920929
convenience,4,0.3249999973922968
doorman,2,0.10000000894069672
bustle,1,0.699999988079071
bar,12,0.5333333387970924
pics,1,-0.30000001192092896
cab,1,0.6000000238418579
hotel room,6,0.34999999528129894
wall socket,1,0.0
usb charger,1,0.0
item,8,0.16249999776482582
jeffrey goh,11,0.6090909093618393
event,20,0.40999999828636646
gap,1,0.0
same,2,0.0
cleanliness,6,0.3166666676600774
check-in process,2,0.699999988079071
floors,3,0.13333333532015482
view,15,0.3666666641831398
business district,2,0.15000000596046448
option,5,0.22000000178813933
business meetings,2,0.15000000596046448
robots,1,0.800000011920929
support,13,0.4692307733572446
staycation,43,0.40232558063296386
girl,4,0.30000000447034836
baby girl,1,0.5
dessert,3,-0.03333332637945811
hairband ballon,1,0.5
lift,1,0.5
eye,1,0.4000000059604645
face,2,0.6000000089406967
customer service skill,1,0.5
work,16,0.756249996367842
warmth,4,0.7000000029802322
raymond woo,1,0.699999988079071
honor,1,0.6000000238418579
thank,1,0.699999988079071
availability,6,-0.19999999552965164
professionalism,8,0.6875000037252903
advice,8,0.6125000044703484
gold medal,1,0.699999988079071
clubs,1,0.10000000149011612
type,2,0.15000000223517418
thumbs,3,0.700000007947286
cs,1,0.800000011920929
miscomm n,1,0.0
tea break,1,0.0
assurance,1,0.800000011920929
success,3,0.700000007947286
notice,2,0.30000001192092896
demeanour,1,0.800000011920929
mme judy tan,1,0.699999988079071
head,1,0.800000011920929
discussions,1,0.699999988079071
layer,1,0.0
headboard,1,-0.10000000149011612
fixtures,2,0.2500000111758709
sink,2,-0.45000001788139343
tub,3,-0.06666666269302368
teeth,1,-0.10000000149011612
toilets,3,-0.03333333134651184
goggles,2,0.45000000298023224
group chat,1,0.4000000059604645
smile,10,0.5300000131130218
brandon,1,0.800000011920929
ona,1,0.6000000238418579
birthday cake,6,0.3666666733721892
bravo,1,0.699999988079071
supervisor,1,0.6000000238418579
business,5,0.3400000065565109
food store,1,0.800000011920929
comfort,6,0.5333333412806193
pennies,1,0.800000011920929
foods,11,0.5363636396147988
highlights,2,0.4000000134110451
island,1,0.699999988079071
man,1,0.6000000238418579
result,1,0.6000000238418579
tv xd,1,-0.20000000298023224
skills,2,0.19999998807907104
font desk,1,0.800000011920929
research,1,0.0
apple juice,1,0.6000000238418579
maintenance needs,1,0.800000011920929
situation,8,0.32500000204890966
dollar,1,0.20000000298023224
singapore general hospital,1,0.0
satay,1,0.800000011920929
chicken,2,0.6000000089406967
bernard,1,0.6000000238418579
keith,1,0.6000000238418579
elevators,1,0.0
rice,5,0.040000006556510925
lap pool,1,0.800000011920929
breakfast buffet,8,0.6374999973922968
reservation,2,0.6500000059604645
class act,1,0.800000011920929
associates,1,0.800000011920929
etiquette,1,0.30000001192092896
tour office rep,1,0.800000011920929
feedback,8,0.27500000689178705
kind hospitality,1,0.20000000298023224
food options,6,0.4333333397905032
scene,1,0.800000011920929
culture,1,0.800000011920929
hotel assistance,1,0.6000000238418579
judy,6,0.699999988079071
saari,1,0.699999988079071
characters,1,0.10000000149011612
hotel assistant,1,0.10000000149011612
kudos,21,0.39047619735910777
parking,1,0.5
gentleman,1,0.800000011920929
spirit,3,0.5666666726271311
room experience,1,0.699999988079071
design,1,0.800000011920929
william,5,0.4
pandemic,5,0.11999999731779099
twin beds,2,0.4000000059604645
top,6,0.016666666915019352
corner twin bed executive room,1,0.6000000238418579
drain,1,-0.699999988079071
cleanup,1,-0.699999988079071
air-conditioning,2,0.050000011920928955
mold,4,-0.45000001043081284
areas,3,0.46666665375232697
herb tea sachets,1,0.30000001192092896
evening flight,1,-0.10000000149011612
customer centricity,1,0.0
course,3,0.39999999354283017
love singapore recommend,1,0.4000000059604645
meetings,2,0.5000000149011612
chinese,3,0.0
singapore slings,1,0.4000000059604645
client,1,0.4000000059604645
items,9,0.06666666352086598
refurb,1,-0.4000000059604645
bread,2,-0.050000011920928955
table,5,0.18000001162290574
toast,2,-0.4000000059604645
lifesaver,1,0.6000000238418579
door,13,2.8656079218937802e-09
cleaness,1,-0.8999999761581421
status,1,-0.8999999761581421
grime,1,-0.30000001192092896
toilet,7,0.05714285586561475
wall,5,-0.24000000804662705
joints,1,-0.30000001192092896
change management,1,-0.10000000149011612
picture,4,0.22500000335276127
bathroom furniture,1,0.0
wake-up call,1,-0.10000000149011612
taxi booking,1,-0.5
line,2,0.30000001192092896
sleep,6,0.2166666736205419
experience- oh,1,0.699999988079071
maids,1,0.800000011920929
everyday,1,0.699999988079071
jeffery goh,2,0.350000012665987
banquet service,1,0.800000011920929
conference room,1,0.5
training programme,1,0.20000000298023224
participants,2,0.05000000074505806
coffee house,1,0.699999988079071
phones,2,-0.7000000178813934
towels,11,0.20909091288393195
shelves,1,-0.800000011920929
breakfast room,2,0.15000000596046448
nothing,8,0.33750000037252903
amara tanjong pagar,3,0.3333333432674408
individuals,1,0.800000011920929
shout-out,3,0.6333333452542623
lookout,1,0.699999988079071
nadhirah,1,0.800000011920929
faiez,1,0.800000011920929
nikki,1,0.8999999761581421
routes,1,0.6000000238418579
tourist spots,1,0.4000000059604645
aircon unit,1,-0.5
average,1,0.20000000298023224
anything,10,0.42000000178813934
something,9,0.20000000463591683
proximity,1,0.20000000298023224
cocktails,3,0.26666667064030963
lounge,4,0.30000000074505806
spirits,2,0.3999999947845936
prawn fritters,1,0.699999988079071
fruit,2,0.20000000298023224
egg counter,1,0.20000000298023224
ball,1,0.20000000298023224
fact,5,0.3600000008940697
someone,9,0.1444444465968344
european,1,0.0
corner,3,0.23333333681027094
men,1,0.20000000298023224
king size bed,2,0.800000011920929
priority,2,-0.3500000052154064
toddler,3,0.16666666915019354
bidet,1,0.0
patient,4,0.7250000014901161
‚ñ™Ô∏ètoilet,1,-0.20000000298023224
takeaway,1,-0.10000000149011612
housekeeping staff,4,0.4750000014901161
check-out,4,0.4750000014901161
sim card,1,0.5
attentiveness,4,0.7249999940395355
oona,1,0.8999999761581421
sense,4,0.575000012293458
humor,1,0.8999999761581421
directions,3,0.30000001192092896
christmas tree,1,0.20000000298023224
teddy bear,1,0.20000000298023224
tha k,1,0.6000000238418579
requirements,1,0.10000000149011612
environment,7,0.8714285492897034
food joints,1,0.5
ways,4,0.4000000059604645
attractions,1,0.6000000238418579
everyone,9,0.5888888835906982
meal,7,0.5857142827340535
bacon,1,0.8999999761581421
receptionists,2,0.7999999821186066
best,17,0.6235294074696653
samosa,1,0.30000001192092896
dumplings,2,0.5499999895691872
spring rolls,1,0.20000000298023224
noodles,3,0.46666666368643445
choices,7,0.5857142837984222
hawker centers,2,0.15000000596046448
block,3,0.5333333313465118
tanjan pagar mrt,1,0.5
tanjan pagar,1,0.0
walls,4,-0.5750000029802322
cleaning,2,-0.4999999888241291
bed sheets,1,-0.8999999761581421
construction,1,-0.8999999761581421
queues,2,0.30000000447034836
room design,1,0.0
connection,2,0.0
slip mat,1,-0.10000000149011612
shower area,2,-0.05000000074505806
fiance√©,1,0.6000000238418579
club lounge,10,0.020000000298023225
celebration,1,0.800000011920929
disappointment,5,-0.0799999937415123
covid,13,0.26923077324262035
toothpaste,1,0.0
toothbrush,1,0.0
hair,4,-0.15000000223517418
selection,5,0.19999999701976776
star hotel quality,1,-0.20000000298023224
photos,3,0.06666667014360428
mirrors,2,0.15000000596046448
qantas,1,0.10000000149011612
pre pandemic,1,0.0
cabs,1,0.800000011920929
loads,1,0.800000011920929
nearmrt,1,0.800000011920929
district,2,0.5
don don donki,1,0.5
peranakan,1,0.0
the blue ginger,1,0.10000000149011612
collection,3,0.20000000298023224
wedding attire,1,0.20000000298023224
surroundings,1,0.4000000059604645
arrangements,3,0.700000007947286
start,7,0.271428573344435
cake,8,0.2750000059604645
thing,5,0.3
book,3,0.29999999205271405
inclusions,1,-0.20000000298023224
breakfast location,1,-0.10000000149011612
awards,1,0.6000000238418579
water pressure,2,0.7999999821186066
other,1,0.699999988079071
tanjong pagar station,2,0.15000000596046448
ageing,1,-0.5
phone,13,0.14615384890482977
toilet leaking,1,-0.699999988079071
paint,2,-0.3500000014901161
dings,1,-0.6000000238418579
maintenance average,1,-0.6000000238418579
tile stains,1,-0.5
no one,3,-0.10000000149011612
reason,4,0.24999999813735485
qr code,1,-0.10000000149011612
idiot,1,-0.5
3d2n,3,0.4333333373069763
room door,2,0.699999988079071
complications,1,0.4000000059604645
app,1,0.5
flat - shows,1,0.0
crack,1,-0.10000000149011612
complaint,2,-0.2500000037252903
tons,1,0.0
opposite,1,0.0
korean,4,0.0
plaza,2,0.44999998807907104
tanjong pagar mrt,3,0.2666666756073634
carlton city,1,0.20000000298023224
service trolley,1,-0.10000000149011612
room servicing,1,-0.8999999761581421
maintenance,4,-0.09999999403953552
light bulbs,1,-0.8999999761581421
standard,3,0.1333333452542623
shape,1,-0.8999999761581421
surface,1,0.0
front doors,1,0.800000011920929
another,2,0.75
mattress topper,1,0.0
tiles,1,-0.6000000238418579
wood,1,-0.699999988079071
stains,1,-0.699999988079071
tv,10,-0.06999999731779098
bricks,1,-0.10000000149011612
somewhere,2,0.05000000074505806
hurry,1,-0.10000000149011612
options,7,0.4142857130084719
back,2,-0.20000000298023224
neck,1,0.0
mum,8,0.22499999962747097
singaporean,1,0.0
comforts,1,-0.10000000149011612
travel,4,0.3250000011175871
hotel breakfast,1,0.20000000298023224
office workers,1,0.0
need,7,0.271428573344435
supermarkets,2,0.45000001788139343
laundrette,1,0.4000000059604645
banking,1,0.4000000059604645
wendy wong,11,0.7000000016255812
plates,2,0.6000000089406967
amara element restaurant,1,0.5
coffee beverages,1,0.699999988079071
toasting,1,0.6000000238418579
buffet experience,1,0.4000000059604645
front office desk,1,0.0
bathroom walls,1,-0.20000000298023224
cracks,2,-0.550000011920929
water damage,1,-0.6000000238418579
world,1,0.4000000059604645
ballrooms,1,0.8999999761581421
ira,7,0.7000000051089695
zul,5,0.5800000071525574
jeffery,2,0.699999988079071
work guys,1,0.699999988079071
star hotels,1,0.6000000238418579
room w,1,0.5
branch,1,0.5
cost,1,0.6000000238418579
restos,1,0.6000000238418579
boutique mall,1,0.6000000238418579
breakfast package,1,0.6000000238418579
request,15,0.3000000054637591
star ramen resto,1,0.5
watsons,1,0.6000000238418579
fun,1,0.4000000059604645
carpet,4,-0.3750000037252903
michelin,3,0.500000019868215
drapes,1,-0.30000001192092896
update,1,-0.10000000149011612
grocery,1,0.6000000238418579
don donki,1,0.6000000238418579
food centres,1,0.6000000238418579
subway station,1,0.5
porter,1,-0.10000000149011612
let,1,0.10000000149011612
checkin experience,1,-0.20000000298023224
checkin,4,0.05000000074505806
formula 1,1,0.6000000238418579
relation,1,0.6000000238418579
gp circuit,1,0.6000000238418579
hotel check,1,0.8999999761581421
cleaners,3,0.4333333174387614
paintwork,1,-0.10000000149011612
plug sockets,1,-0.10000000149011612
reception area,2,0.6499999910593033
english channel,1,0.0
air condition,1,-0.4000000059604645
liking,1,-0.10000000149011612
drinking holes,1,0.4000000059604645
work conference,1,0.0
gifts,2,0.44999998807907104
bit,5,0.04000000208616257
stores,2,0.350000012665987
selections,2,0.6499999910593033
husband,6,0.16666667039195696
bar - everything,1,0.8999999761581421
visits,1,0.20000000298023224
island country,1,0.4000000059604645
excess,1,0.0
modes,1,0.8999999761581421
refresh,3,0.1666666716337204
signs,3,-0.033333333830038704
surprises,1,0.4000000059604645
raymon,1,0.8999999761581421
breakfast selection,1,0.8999999761581421
inquiries,1,0.8999999761581421
concierge desk,4,0.5249999985098839
taxi.,1,0.8999999761581421
snacks,3,0.4000000059604645
shopping choices,1,0.699999988079071
staycay,1,0.4000000059604645
counter,6,0.2666666756073634
shops,6,0.4833333343267441
clark quay,1,0.4000000059604645
cherry,1,0.20000000298023224
100am,5,0.4800000011920929
bfast,1,0.20000000298023224
desk service,1,0.800000011920929
special,2,0.3500000014901161
enthusiasm,3,0.700000007947286
sincerity,1,0.699999988079071
william fong,1,0.699999988079071
100am m. great,1,0.800000011920929
mind,3,-0.033333336313565574
hotel a++,1,0.800000011920929
team lunch,1,0.20000000298023224
element,9,0.32222222205665374
lunch,7,0.38571429359061377
tea room,14,0.20714286022952624
hotel premise,2,0.0
cup,1,0.0
coffee,8,-0.012499995529651642
turn,2,0.29999999329447746
swimming pool,17,0.5235294051030103
afternoon tea,6,-0.23333333556850752
room deposit,1,-0.30000001192092896
credit card,1,-0.30000001192092896
gym machines,1,0.0
pork chop,1,0.0
cafe oriental,2,0.0
gin tonic cocktail,1,0.0
pool attendent,1,-0.20000000298023224
pool bar,1,-0.4000000059604645
workout,1,-0.4000000059604645
sarah,1,0.800000011920929
buffet food,1,0.699999988079071
alvin,1,0.800000011920929
kartik,2,0.550000011920929
wendy,5,0.8399999976158142
sis,2,0.10000000149011612
clubroom,1,0.10000000149011612
cocktail,3,0.5666666676600774
club services,1,0.0
business meeting,2,0.30000001192092896
session,2,0.0
discussion groups,1,0.0
chairs,3,0.4666666661699613
av,1,0.6000000238418579
corporate and banquet operations,1,0.6000000238418579
restrooms,1,0.8999999761581421
refreshments,3,0.5666666626930237
restaurant manager,1,0.800000011920929
condition,1,0.8999999761581421
meeting room,1,0.8999999761581421
acknowledgement,2,0.45000000298023224
toiletries,5,0.23999999165534974
size desk,1,0.8999999761581421
bath tub,2,0.3500000089406967
rain shower area,1,0.4000000059604645
front office,4,0.7749999910593033
executive to club room,1,0.10000000149011612
craft,1,0.6000000238418579
family trip post pandemic,1,0.20000000298023224
suites,1,0.4000000059604645
treats,2,0.5499999895691872
residence,1,0.6000000238418579
hit,1,0.4000000059604645
balloons,4,0.5
lollies,1,0.5
hotel stay,1,0.800000011920929
customer,3,0.7333333492279053
balm,1,0.6000000238418579
intent,1,0.699999988079071
wonder,1,0.6000000238418579
ankle,2,-0.05000000074505806
holiday,3,-0.03333333134651184
humour,1,0.800000011920929
knowlege,1,0.8999999761581421
employee,2,0.45000000298023224
regards,3,0.6333333253860474
disposition,1,0.800000011920929
doubt,1,0.30000001192092896
field,1,0.4000000059604645
management team,3,0.29999999701976776
jeffrey,8,0.5625000055879354
company event,2,0.6500000059604645
text,1,0.800000011920929
laugh,1,0.6000000238418579
equipment ourself,1,0.30000001192092896
equipment,2,0.20000000298023224
trend,1,-0.20000000298023224
temperature room aircon,1,-0.699999988079071
gripe,1,-0.6000000238418579
thermostat,1,-0.5
blankets,1,0.0
flow,3,0.4333333373069763
problems,3,0.09999999900658925
feng ting,3,0.5333333313465118
service recovery,2,0.25
china,2,0.800000011920929
wish,1,0.20000000298023224
pool towels,2,0.4999999888241291
pluses,1,0.800000011920929
cocktail bar,3,0.4333333174387614
bar-roque,2,0.550000011920929
reiko,1,0.800000011920929
oonagh,1,0.800000011920929
minuses,1,-0.5
levels,1,0.4000000059604645
star hotel,3,0.4333333472410838
reflection,1,-0.20000000298023224
club rooms,3,0.10000000149011612
lack,3,-0.20000000049670538
investment,1,-0.30000001192092896
club,4,-0.25000000186264515
ambiance,1,-0.20000000298023224
ground floor reception area,1,-0.6000000238418579
control,1,0.0
light,1,0.0
fittings,2,0.44999998807907104
tell tale signs,1,0.0
excitement,1,0.0
picnic buffet,1,0.0
number,3,0.10000000397364299
review sites,1,0.10000000149011612
refund,2,0.4000000059604645
attraction,1,-0.20000000298023224
business centre,1,0.4000000059604645
amara singapore hotel,1,0.4000000059604645
demands,2,0.20000001043081284
stress,2,0.5499999970197678
each other,1,0.10000000149011612
doors,2,-0.29999999329447746
oonah & raymond,1,0.5
luck,2,0.15000000596046448
minibar,3,0.06666667014360428
safety box,1,0.0
avail,1,-0.6000000238418579
pressure,2,-0.20000000298023224
sort,1,-0.4000000059604645
breakfast staff,1,-0.699999988079071
spot,2,0.20000000298023224
staff attention,1,-0.5
god,3,0.3333333134651184
language,1,0.20000000298023224
test,1,0.6000000238418579
lobby floor,1,0.8999999761581421
glass,2,0.4000000059604645
mojito,1,0.800000011920929
bfast options,1,0.5
stays,4,0.47500000335276127
tenure,1,0.699999988079071
charges,1,0.699999988079071
amarah,1,0.699999988079071
una,3,0.7666666706403097
conversations,2,0.75
food recommendations,3,0.6333333253860474
job guys,2,0.8999999761581421
tea,6,0.46666668107112247
ahmad,1,0.4000000059604645
house,3,0.6000000089406967
mdm lin dai,1,0.800000011920929
armara hotel,1,0.699999988079071
element bar & restaurant,1,0.699999988079071
element team,1,0.8999999761581421
mei ling,2,0.8499999940395355
fenny,7,0.314285720033305
kartikean,2,0.7000000178813934
manjeet,2,0.7000000178813934
crew members,1,0.800000011920929
willingness,1,0.800000011920929
absence,2,0.0
excellence,2,0.30000001192092896
service tradition,1,0.5
business travellers,1,0.699999988079071
bar none,1,0.5
knowledge,3,0.4333333373069763
im,3,0.36666666467984516
car,3,0.36666667461395264
park,1,0.5
wife,12,0.30833333792785805
ahmad & karthik,1,0.0
helper,1,0.20000000298023224
cark,1,-0.10000000149011612
basement carpark,1,-0.20000000298023224
morning breakfast,1,0.20000000298023224
food cos,1,-0.10000000149011612
important,1,0.0
answer,2,-0.20000000298023224
food name,1,-0.20000000298023224
tags,1,-0.20000000298023224
tables,5,-0.059999996423721315
powerpoints,1,-0.4000000059604645
apology,2,-0.30000000074505806
sightseen,1,0.4000000059604645
response,7,0.2857142931648663
hotel guests,1,0.4000000059604645
effort,10,0.47999999597668647
four,1,0.0
club room package,1,0.6000000238418579
bar staff,1,0.699999988079071
great,1,0.699999988079071
raymond wish,1,0.699999988079071
port,1,0.800000011920929
skyscrapers,1,0.800000011920929
guy,6,0.5500000081956387
travel advices,1,0.800000011920929
ling mei ling,1,0.6000000238418579
gestures,4,0.7250000089406967
element cafe,3,0.3333333383003871
food selections,1,0.800000011920929
family staycation,3,0.46666668355464935
staff services,1,0.699999988079071
stay kudos,1,0.699999988079071
attitude,7,0.3000000002128737
tras street,1,0.699999988079071
honeymoon,1,0.0
ambience,5,0.8799999833106995
bartender,1,0.8999999761581421
singapore sling,1,0.8999999761581421
karthik,1,0.8999999761581421
shower room,1,0.20000000298023224
mattress,1,0.800000011920929
wardrobe concept,1,0.30000001192092896
backs,2,0.44999999552965164
firm,1,0.699999988079071
latex,1,0.699999988079071
king,2,0.3500000052154064
amara website,1,0.20000000298023224
counter staff,3,0.3666666621963183
breakfast items,1,0.4000000059604645
concept,1,0.0
washlet,1,-0.10000000149011612
shopping options,1,0.699999988079071
jigger,2,0.75
pony,2,0.7000000178813934
guestrooms,1,0.0
training program,1,0.0
the amara,2,0.4000000059604645
clearing,2,0.5
-notch,1,0.699999988079071
beverage counter,1,0.30000001192092896
serving,3,0.29999999205271405
lunches,1,0.5
milk,1,0.5
cutleries,1,0.5
lessons,2,0.4000000059604645
trainers,2,0.5
students,1,0.800000011920929
beverages,3,0.5333333214124044
beer bottles,1,0.0
cups,1,0.0
food places,2,0.6500000059604645
isa,3,0.4999999925494194
ballroom,3,0.3000000019868215
bouquet,1,0.5
uzair,3,0.46666666368643445
surprise,5,0.44000000804662703
round,2,0.5000000149011612
hearts,1,0.0
australia,2,0.30000001192092896
senior sales manager,1,0.699999988079071
no,1,0.0
audio visual manager,1,0.6000000238418579
coordination,1,0.6000000238418579
ira ng,1,0.699999988079071
development,1,0.699999988079071
venue team,1,0.4000000059604645
assistant,1,0.6000000238418579
communication,1,0.30000001192092896
aspects,2,0.6500000059604645
room size,4,0.42499999701976776
pleasure,2,0.44999999552965164
@jeffery goh,1,0.5
review,5,0.180000002682209
pampering,1,0.800000011920929
7star review,1,0.0
shot,1,0.6000000238418579
words,2,0.30000000074505806
function rooms,1,0.30000001192092896
privilege,2,0.25
any,2,0.3499999940395355
element staff,1,0.800000011920929
deal,2,0.3999999947845936
rates,2,0.8499999940395355
getaway,3,0.6333333452542623
nasi,2,0.5000000149011612
room rate,1,0.20000000298023224
dip,1,0.8999999761581421
otak,1,0.30000001192092896
fried chicken wings,1,0.30000001192092896
kitchen staff,1,0.699999988079071
hotel condition,1,0.5
training workshop,1,0.6000000238418579
call,10,-0.06000000312924385
isa ali,2,0.350000012665987
mohd,1,0.20000000298023224
reoppenign,1,0.10000000149011612
world post,1,0.10000000149011612
profesional,1,0.8999999761581421
front,3,-0.06666666766007741
min,1,0.30000001192092896
club benefits,3,0.3333333333333333
improvement,3,0.13333333532015482
desk staffs,4,0.0
stone,1,0.30000001192092896
hotel ambience,1,0.30000001192092896
concierge personnel,1,0.800000011920929
toilet roll half,1,0.0
cons: - club,1,0.30000001192092896
furniture condition,1,0.0
toilet sink,1,0.0
benefits,3,0.30000001192092896
shower area floor,1,0.20000000298023224
puddle,1,0.20000000298023224
laughter,4,0.6749999970197678
price range,1,0.0
elsewhere,1,0.0
scratches,1,0.30000001192092896
tile,1,-0.10000000149011612
more,4,0.40000000037252903
bumps,1,0.30000001192092896
lap swimmers,1,0.800000011920929
running,1,-0.4000000059604645
standards,2,-0.05000000447034836
building,3,0.30000000695387524
smells,2,-0.44999999552965164
expectation,2,0.0
record,2,-0.10000000149011612
outcome,1,0.699999988079071
food choices,2,0.550000011920929
door step,1,0.6000000238418579
5mins,2,0.3499999940395355
kid,4,0.05000000074505806
king bed,2,0.2500000037252903
channel,2,0.20000000298023224
inroom breakfast,1,-0.30000001192092896
rip-off,1,-0.20000000298023224
plate,2,0.20000000298023224
pancakes,1,0.0
pictures,2,-0.10000000149011612
eggs,1,0.0
reality,1,-0.10000000149011612
checkin desk,1,0.0
lighting,2,0.0
bill,2,0.15000000596046448
hygiene,4,0.22500000894069672
receipt feedback,1,0.0
self check,1,-0.20000000298023224
housekeeping team,2,0.2499999925494194
delivery,6,0.4666666661699613
appointment,2,0.20000000298023224
jam,1,0.0
duties,1,0.5
package,1,0.4000000059604645
cheers,4,0.6499999910593033
contact lens,1,-0.699999988079071
basin,1,-0.699999988079071
programme,1,0.0
daylight,1,0.800000011920929
collaborations,1,0.8999999761581421
front-desk,1,0.5
executive,1,0.30000001192092896
sport,1,0.5
delay,1,0.4000000059604645
room type,1,0.30000001192092896
talks,1,0.0
furnishings,1,0.800000011920929
walkway,1,0.0
counters,1,0.20000000298023224
complaints,3,0.6333333303531011
bidet seat,1,0.699999988079071
appliances,1,0.8999999761581421
pro,1,0.20000000298023224
con: 1,1,-0.10000000149011612
economy rice,1,0.20000000298023224
right,1,0.20000000298023224
image,1,0.0
login,1,-0.10000000149011612
surfing experience,1,0.0
reviewer,1,0.10000000149011612
facebook,1,0.0
speed,1,-0.699999988079071
view.,1,0.8999999761581421
route,1,0.0
hong kong,1,0.0
friendliness,4,0.6250000074505806
regulations,1,0.20000000298023224
hotel facilities,1,0.20000000298023224
smiles,2,0.5499999970197678
vtl,1,0.30000001192092896
meiling,1,0.699999988079071
sentence,1,0.4000000059604645
twin bed,1,0.10000000149011612
compensation,1,-0.5
rubbish,1,-0.699999988079071
twin,1,-0.10000000149011612
corridors,3,-0.5666666726271311
price point,1,0.0
intercontinetal robertson quay,1,0.0
ps,1,0.10000000149011612
nobody,1,-0.4000000059604645
help nobody,1,-0.30000001192092896
member,1,-0.30000001192092896
üëçüèºüëçüèºüëçüèº,1,0.10000000149011612
tripadvisor,2,0.0
favourite,1,0.800000011920929
world class,1,0.6000000238418579
guests review,1,0.0
name,11,0.39090910147536884
chat,2,0.5
lemongrass fragrance,1,0.800000011920929
housekeeping service,1,-0.800000011920929
housekeeper,3,0.4333333373069763
toilet amenities,1,-0.6000000238418579
replenishment,1,-0.10000000149011612
difference,3,0.46666666368643445
reservations,2,0.44999999552965164
pleasure staff,1,0.800000011920929
kind efforts,1,0.8999999761581421
save,1,0.10000000149011612
sales staff,2,-0.04999998211860657
experince,1,-0.800000011920929
comms,1,-0.8999999761581421
bar fridge,1,0.0
delays,1,0.4000000059604645
abiliy,1,0.5
room allocation,1,0.10000000149011612
initiatives,1,0.30000001192092896
slot,3,0.2000000054637591
registration,3,0.06666667014360428
jan,1,0.10000000149011612
evening canap√©s,1,-0.6000000238418579
diarrhoea,2,-0.30000000447034836
conclusion,3,0.06666667014360428
club executive room,1,0.10000000149011612
valentine's day celebration,1,0.0
preferences,1,0.0
rosa,1,0.699999988079071
ting feng,1,0.4000000059604645
replacements,1,0.699999988079071
room change,1,0.699999988079071
frontdesk,2,0.2500000037252903
stay end,1,0.6000000238418579
note,3,0.10000000645716985
emily cheng,1,-0.20000000298023224
initiative,3,0.3000000019868215
deluxe king,1,0.0
king size bed frame,1,0.0
stuffs,1,-0.10000000149011612
mask,2,0.15000000596046448
element restaurant,5,0.06000000387430191
plants,1,0.8999999761581421
room layout,1,0.8999999761581421
temperature,5,0.1
emails,1,-0.5
trip.com,2,-0.30000001192092896
slots,7,0.27142857547317234
positioning,1,0.800000011920929
family staycation type,1,0.699999988079071
brother raymond,1,0.699999988079071
‚≠êÔ∏è‚≠êÔ∏è,1,0.20000000298023224
health,1,0.0
hotel staffs,6,0.6333333452542623
hotel front desk,2,0.0
desk officers,1,0.0
trips,2,0.5999999940395355
@amara,1,0.20000000298023224
bbq,1,0.800000011920929
alcohol store,1,0.0
beers,1,0.0
soju,1,-0.10000000149011612
sake,2,-0.05000000074505806
gesture,4,0.5000000037252903
nv,1,0.20000000298023224
flower balloon scrulpture,1,0.20000000298023224
promo,2,0.20000000670552254
check-in registration,1,0.0
wait,5,0.11999999731779099
process due,1,0.0
room key,2,0.05000000074505806
wifi,2,-0.45000001788139343
hasmah,1,0.8999999761581421
toy balloon,1,0.20000000298023224
conceirge,1,0.6000000238418579
bu,1,0.6000000238418579
information,4,0.4000000134110451
put cake,1,0.5
introduction,1,0.20000000298023224
changi,1,0.10000000149011612
central business district,1,0.10000000149011612
midst,1,0.0
dining destinations,1,0.4000000059604645
ceiling,2,0.30000000447034836
marble surfaces,1,0.699999988079071
wood tones,1,0.699999988079071
facade,1,-0.4000000059604645
opulence,1,0.699999988079071
sophistication,1,0.699999988079071
charm,1,0.699999988079071
splendor,1,0.800000011920929
ambience ambience,1,0.800000011920929
standout,1,0.5
noodle meal,1,0.5
raymond one,1,0.10000000149011612
calls,6,0.30000000447034836
bedding,1,0.0
insurance company,1,0.30000001192092896
hotels facilities,1,0.699999988079071
doreen,2,0.3500000089406967
checks,1,0.10000000149011612
promotion,1,0.0
cousin,1,0.0
phone call,1,0.0
keys,2,0.0
breakfast planning queue,1,-0.10000000149011612
gf,3,0.20000000298023224
info,4,0.24999999441206455
eye sore,1,0.0
breakfast lane,1,0.0
both,7,0.48571428656578064
planning,1,0.30000001192092896
mess,1,0.10000000149011612
ground floor,2,-0.20000000298023224
lounge treatment,1,-0.5
felt,1,-0.4000000059604645
club lounge access,1,-0.5
cappuccino,1,-0.5
sencha,1,-0.5
end,6,0.1666666641831398
green tea bag,1,-0.5
twg,1,-0.6000000238418579
osk,1,-0.6000000238418579
front desk officer,1,-0.20000000298023224
amara. 1,1,0.0
hr check,1,0.0
website,1,-0.20000000298023224
toilet seat,1,-0.6000000238418579
rust,1,-0.4000000059604645
queue line,1,0.0
groups,1,-0.10000000149011612
christmas,3,0.4999999925494194
feel,4,0.34999999590218067
balinese,1,0.0
restrictions,2,-0.05000000074505806
sets,2,0.550000011920929
advance,4,0.22500000149011612
shower head,2,-0.5
waits,1,0.0
occupancy,2,0.30000001192092896
some,3,0.29999999701976776
unhappiness,1,-0.30000001192092896
bowls,1,-0.800000011920929
formal,1,0.0
floor club level,1,-0.800000011920929
mound,1,-0.800000011920929
stain,1,-0.800000011920929
difficulties,1,0.0
hiccups,3,0.6666666666666666
esther,1,0.699999988079071
addition,1,0.4000000059604645
commitment,2,0.350000012665987
capability,1,0.800000011920929
inspite,1,0.30000001192092896
flower,2,0.4000000134110451
inequities,1,0.20000000298023224
pre registration,1,0.0
heck,1,0.0
function room,2,-0.04999998211860657
club guests,1,-0.800000011920929
express,1,-0.800000011920929
entry gantry,1,-0.800000011920929
ard,1,-0.6000000238418579
cos,2,0.10000000521540642
cartoon,1,-0.800000011920929
room keys,1,-0.5
updates,1,0.0
frustration,1,-0.20000000298023224
front office lady,1,-0.30000001192092896
queueing,1,-0.30000001192092896
subway sandwiches,1,-0.10000000149011612
cookies,1,0.0
watch,1,0.0
front office counter,1,-0.5
uniform,1,-0.10000000149011612
girlfriend,4,0.5
admiration,1,0.5
staff work,1,0.6000000238418579
boyfriend,2,0.6500000059604645
dining,4,0.37499999813735485
service experience,1,0.800000011920929
delight,1,0.10000000149011612
hotel system,1,-0.699999988079071
patient staffs,1,0.6000000238418579
alots,1,0.699999988079071
pity,1,-0.4000000059604645
female,1,0.0
hire,1,0.8999999761581421
noorjan,4,0.3499999940395355
bedsheet,1,-0.4000000059604645
side table,2,-0.5
miss rosa,1,0.0
kids menu,1,0.8999999761581421
meal delivery,2,0.6499999910593033
burger,2,0.4000000059604645
pasta,2,0.44999998807907104
whatsapp,9,0.5444444376561377
french,1,0.0
comfort food,1,0.30000001192092896
daugther,1,0.0
flower balloon,1,0.4000000059604645
suprise,1,0.4000000059604645
flower ballon,1,0.4000000059604645
hotel service,3,0.700000007947286
anxiety attack,1,0.4000000059604645
quarantine,14,0.1214285743023668
thoose,1,0.6000000238418579
cakes,1,0.30000001192092896
ice cream,3,0.5333333313465118
room/facilities,1,0.6000000238418579
amrita,1,0.8999999761581421
ameneties kit,1,0.0
payment,1,-0.6000000238418579
personalize touch,1,0.8999999761581421
hotel environment,1,0.699999988079071
wifi problem,1,0.6000000238418579
grab food,4,0.47500001080334187
paste,1,0.10000000149011612
child,1,0.30000001192092896
sabrina,1,0.800000011920929
qo,10,0.26000000461935996
varieties,1,-0.10000000149011612
nose boogers,1,-0.4000000059604645
food order,1,0.5
fries,1,0.8999999761581421
adult,1,-0.10000000149011612
kids meal,1,0.8999999761581421
well,1,0.5
room kind,1,-0.20000000298023224
tissue,1,-0.20000000298023224
food portion,1,-0.10000000149011612
well being,2,0.15000000223517418
blanket,1,-0.30000001192092896
quarantine order,6,0.08333333705862363
perfection,1,0.800000011920929
bottle,2,0.30000000447034836
disinfectant,1,0.5
understatement,1,0.4000000059604645
job duties,1,0.699999988079071
portion,1,0.4000000059604645
balloon,1,0.800000011920929
duration,1,0.800000011920929
closet,1,0.0
power outlets,1,0.800000011920929
clothes,1,0.0
clothes hanger,1,0.0
laundry service,2,0.7000000178813934
emotions,1,0.4000000059604645
toileteries,1,0.6000000238418579
service standard,1,0.800000011920929
hawker centre,3,0.5
hotel staff service,1,0.6000000238418579
aloysius,7,0.6428571481789861
aloysius & raymond,1,0.8999999761581421
washroom,1,0.20000000298023224
presence,2,0.45000000670552254
journey,2,-0.14999999850988388
customer services,1,0.800000011920929
parents,4,0.7249999940395355
quarantine stay,2,0.15000000596046448
diy balloon flower,1,0.800000011920929
delivery services,1,0.800000011920929
goods,2,0.45000000670552254
concern,4,0.375
deliveries,1,0.6000000238418579
jody,1,0.8999999761581421
acai,2,0.0
freezer,1,0.0
pint,1,0.0
hahaa,1,0.30000001192092896
somebody,1,0.0
packages,1,0.4000000059604645
well-being,1,0.699999988079071
@ amara,1,0.5
e.g.,1,0.0
opinion,4,0.3500000089406967
skin,1,0.0
aircon,3,-0.16666666915019354
overtime,1,0.10000000149011612
moisturiser,1,0.10000000149011612
hotel lobby,2,0.30000000074505806
caulk,1,-0.20000000298023224
remote,1,-0.30000001192092896
restroom,1,-0.20000000298023224
duvet cover,1,-0.30000001192092896
pillowcase,1,-0.10000000149011612
ac,2,-0.10000000521540642
shortcomings,1,-0.30000001192092896
counter staffs,1,0.30000001192092896
raymond foo,3,0.699999988079071
vicks,1,0.30000001192092896
bottom,1,0.800000011920929
room deliveries,1,0.5
facility,3,0.06666666766007741
conditions,1,0.0
arama,1,0.800000011920929
understanding,3,0.6999999980131785
file,2,-0.05000000074505806
papers,2,0.25
towel,4,0.10000000149011612
garbage,1,-0.10000000149011612
dont,1,0.6000000238418579
do,1,0.5
mannerisms,1,-0.10000000149011612
attendant,1,0.10000000149011612
luxury,1,0.0
darkness,1,0.800000011920929
jewels,1,0.20000000298023224
astonishment,1,0.30000001192092896
stigma,1,0.0
nightfalls,1,-0.699999988079071
loved ones,1,0.0
predicament,1,0.10000000149011612
malay,2,0.0
assurances,1,0.800000011920929
stars,3,0.6333333452542623
jewel,1,0.30000001192092896
solitude,1,-0.5
tan?,1,0.10000000149011612
counselling hotline,1,0.0
cigarette smell,2,-0.15000000596046448
nose,1,-0.5
guy name,1,-0.6000000238418579
room change thingy,1,0.0
room guest call,1,-0.4000000059604645
list,1,0.10000000149011612
manger,1,-0.30000001192092896
change,4,0.5750000029802322
chat system,1,0.800000011920929
mother,2,0.0
risk,2,0.4000000059604645
vision,2,-0.45000000298023224
hands,2,0.25
anxieties,1,-0.800000011920929
miles,2,0.5499999970197678
cash,1,0.800000011920929
trouble,1,0.800000011920929
holiday trip,1,-0.4000000059604645
relaxation,2,0.5
watsapp,1,0.5
wifi coverage,1,0.0
access point router,1,0.5
alternatives,1,0.0
solutions,1,0.0
elderly,2,0.0
device,1,0.0
hearing problems,1,0.0
behalf,1,0.5
members,2,0.15000000223517418
handicap,1,-0.10000000149011612
nightmare,1,0.30000001192092896
üëçüëç regards,1,0.800000011920929
window view,1,0.800000011920929
blue sky,1,0.800000011920929
pinnacle,2,0.75
stay venue,1,0.8999999761581421
food service,1,0.699999988079071
üëçüèªüëçüèªüëçüèª,1,0.8999999761581421
bed room,1,0.4000000059604645
message,1,0.30000001192092896
wi-fi,1,0.6000000238418579
housekeeping lady,1,0.6000000238418579
speaking,1,0.6000000238418579
staff total,1,0.0
gentlement,1,0.30000001192092896
suit,1,0.5
outfit,1,0.6000000238418579
tears,1,-0.10000000149011612
government quarantine facility,1,0.5
leakage,1,-0.20000000298023224
eventho,1,0.5
impression,2,0.3499999940395355
raymond judy aloysius,1,0.8999999761581421
replies,3,0.699999988079071
messaging platform,1,0.8999999761581421
certis cisco team,1,0.10000000149011612
moh,1,0.20000000298023224
lapse,1,0.0
me.,1,0.20000000298023224
department communications,1,0.20000000298023224
heater,1,0.8999999761581421
stay feel,1,0.699999988079071
shn,4,0.30000000074505806
misgivings,1,0.30000001192092896
supply,2,0.6499999910593033
hotel services,2,0.7000000178813934
isolation,1,0.6000000238418579
yummilicious,1,0.8999999761581421
rui qing,2,0.8499999940395355
duck,1,0.8999999761581421
mapo tofu,1,0.8999999761581421
prawns,2,0.699999988079071
wasabi,1,0.8999999761581421
peking,1,0.8999999761581421
bling queen,1,0.699999988079071
tha,1,0.30000001192092896
whole,2,0.19999998807907104
customer service team,2,0.75
diet needs,1,-0.30000001192092896
mates,1,0.800000011920929
fuss,1,0.10000000149011612
feelings,1,0.800000011920929
amount,1,0.4000000059604645
sockets,2,-0.04999999701976776
judy & raymond,1,0.699999988079071
audio,1,-0.30000001192092896
whatsapp messages,1,0.30000001192092896
yoga mat,1,0.800000011920929
business video calls,1,-0.30000001192092896
video,1,-0.30000001192092896
parts,1,-0.30000001192092896
whatever,1,0.6000000238418579
grab deliveries,1,0.30000001192092896
executives,1,0.0
challenge,1,0.0
esp,1,0.10000000149011612
video calls,1,0.0
organisation,2,0.75
cutomer support,1,0.800000011920929
stage,1,0.699999988079071
baby,1,0.10000000149011612
arrangement,3,0.13333332786957422
stay home notice,1,0.10000000149011612
challenges,1,0.10000000149011612
folks,1,0.30000001192092896
volumes,1,0.0
chili lover,1,0.0
home notice,1,0.10000000149011612
chili source,1,0.0
chili,1,0.20000000298023224
types,1,0.20000000298023224
rounds,1,0.0
duvet,1,0.6000000238418579
orders,1,0.6000000238418579
covid 19,1,0.0
receptionist,4,0.4750000089406967
box,1,0.6000000238418579
pinnacle @ duxton hdb,1,0.0
hotel team,1,0.800000011920929
pandamic lockdown,1,0.8999999761581421
noise,1,0.0
construction site,1,0.0
city hotel,1,0.4000000059604645
dubai,1,0.0
amara hotel @ tanjong pagar,1,0.0
wedding,9,0.3999999985098839
limitation,1,0.5
ivan,2,0.550000011920929
jason,1,0.4000000059604645
mildew,2,-0.800000011920929
caulking,1,-0.4000000059604645
air con vent,1,-0.20000000298023224
lint,2,-0.2500000074505806
mini-fridge,1,0.0
roaches,1,-0.10000000149011612
grease,1,-0.20000000298023224
air,3,-0.10000000149011612
food particles,1,-0.4000000059604645
tv credenza,1,-0.20000000298023224
agoda,2,0.4000000059604645
exception,2,0.350000012665987
stay home designated facility,1,0.0
raymond & thomas,4,0.7000000029802322
thomas,13,0.4461538470708407
candys,1,0.6000000238418579
front desk staff,4,0.34999999962747097
hotel interior,1,0.5
notch,1,0.8999999761581421
hotel package,1,0.0
icepack,1,0.30000001192092896
carpark coupon,1,0.20000000298023224
breastmilk,1,0.30000001192092896
day use,1,0.30000001192092896
parking coupon,1,0.10000000149011612
purchase,1,0.10000000149011612
career,1,0.800000011920929
life,1,0.699999988079071
classmates,1,0.10000000149011612
pat,1,0.6000000238418579
chit chat,1,0.6000000238418579
d,1,0.5
journey room,1,0.8999999761581421
rom function,1,0.6000000238418579
amara tg pagar,1,0.699999988079071
checklist,1,0.6000000238418579
room upgrade,1,0.800000011920929
couples,1,0.5
system,3,-0.16666666915019354
backend,1,0.0
influx,1,0.0
visitors,1,0.0
interaction,2,0.20000001043081284
chicken curry,1,0.8999999761581421
vivocity,1,0.8999999761581421
dinner n,1,0.8999999761581421
musuem,1,0.8999999761581421
bonus,1,0.699999988079071
club suite,1,0.10000000149011612
amara tanjong pagar:- cons,1,-0.4000000059604645
bedroom apartment,3,-0.06666666766007741
tvs,1,-0.5
interference,1,-0.30000001192092896
liying,1,0.10000000149011612
distortion,1,-0.5
travellers,2,0.0
corridor,1,-0.10000000149011612
reno,1,0.0
crowd,2,0.5499999970197678
pros -housekeeping,1,0.0
floor rooms,1,0.5
hospitality team,1,0.800000011920929
wheelchair,2,0.4999999888241291
particular,1,0.10000000149011612
kids pool,1,0.0
discounts,1,0.0
subway,2,0.15000000223517418
room card,1,0.10000000149011612
go go,1,0.800000011920929
swimming,2,0.550000011920929
covid-19,2,0.30000000447034836
cleaniless,1,0.699999988079071
chair,1,0.6000000238418579
wedding anniversary,3,0.16666666915019354
covid19,1,0.4000000059604645
nespresso machine,1,0.6000000238418579
high tea,1,0.0
tea room foc,1,0.0
bookings,3,0.5000000099341074
frame,1,0.4000000059604645
government job,1,0.0
booking cancellation,1,0.0
candidate,1,0.6000000238418579
competitors,1,0.800000011920929
club room benefits,1,0.0
readers,1,0.0
wan ting,7,0.5857142933777401
ms,2,0.7999999821186066
ovalall,1,0.699999988079071
oval,1,0.8999999761581421
ones,1,0.6000000238418579
staycation dates,1,0.30000001192092896
hotel standard,1,0.20000000298023224
definition,1,0.0
chaos,1,0.0
ntuc fairprice,1,0.0
tanjong pagar plaza,1,0.0
susan,1,0.6000000238418579
breakfast order,1,0.20000000298023224
dining area,1,0.30000001192092896
cuisines,1,0.6000000238418579
breakfast mains,1,0.6000000238418579
american,2,0.0
front office service,1,0.8999999761581421
staycation experience,2,0.800000011920929
raymond gorgor,1,0.6000000238418579
memory,3,0.6333333353201548
staycasion,1,0.8999999761581421
services recovery,1,0.8999999761581421
lady chambermaid,1,0.10000000149011612
keeping,1,0.10000000149011612
joanna fang,1,0.8999999761581421
mouse,1,0.6000000238418579
hotel reception team,1,0.4000000059604645
neighbours,1,0.10000000149011612
renovation works,1,0.0
cocierge,1,0.0
toilet space,1,0.30000001192092896
setup,1,0.4000000059604645
bench,1,0.0
extend,1,0.0
hubby,1,0.0
voucher,1,0.0
le,1,0.0
imo,1,0.6000000238418579
advance reservation,1,0.0
bites,1,0.0
set,2,0.6500000059604645
evening cocktails,2,0.4000000059604645
duty manager,3,0.10000000149011612
stirrers,1,0.20000000298023224
coffee stirrer,1,-0.10000000149011612
tea spoon,1,0.0
hotel manpower,1,-0.20000000298023224
looks,1,0.0
huge,1,0.5
accident,1,0.5
leg,1,0.5
fiance,1,0.0
finger food,1,0.10000000149011612
satuisfactory standard,1,0.10000000149011612
gal,1,0.4000000059604645
spite,1,0.6000000238418579
class,1,0.800000011920929
security guard,1,0.30000001192092896
uncle,1,0.4000000059604645
birthday celebrations,1,0.800000011920929
aspect,1,0.699999988079071
tastes,1,0.5
good,5,0.5000000059604645
order grab food,1,0.30000001192092896
bachelorette party,1,0.30000001192092896
asset,1,0.5
party experience,1,0.8999999761581421
notch service,1,0.8999999761581421
room facilities,1,0.8999999761581421
gift,1,0.6000000238418579
birthday celebration,4,0.22500000521540642
decor,1,0.4000000059604645
safeentry,1,0.0
plaster,1,0.0
timeslots,1,0.10000000149011612
pools,1,0.10000000149011612
fragnance,1,0.800000011920929
shirt,1,0.800000011920929
amara horel,1,0.699999988079071
dining experience,2,0.7999999821186066
mango sago,1,0.5
candles,1,0.5
thanks siti,1,0.6000000238418579
breeze,1,0.4000000059604645
supper session,1,0.800000011920929
commendation,1,0.30000001192092896
eileen,1,0.4000000059604645
star service,1,0.30000001192092896
balloon art,1,0.10000000149011612
televisions,1,-0.10000000149011612
thoughtfulness,1,0.10000000149011612
dnd,1,0.0
factors,1,0.30000001192092896
word,2,0.20000000298023224
suggestions,3,0.5666666825612386
chats,1,0.800000011920929
o,1,0.4000000059604645
tv channels,1,0.10000000149011612
cable vision,1,0.800000011920929
football,1,0.800000011920929
ragu,2,0.6000000089406967
mr.,1,0.6000000238418579
chocolate waffle cake,1,0.6000000238418579
teams,1,0.800000011920929
great quality,1,0.800000011920929
star facility,1,0.699999988079071
delicious f&b,1,0.800000011920929
arun kumar,1,0.5
service attitude,1,0.699999988079071
personalise service,1,0.30000001192092896
sales,2,0.5999999940395355
thomas/siti and team,1,0.699999988079071
preplanning,1,0.8999999761581421
execution,2,0.4999999888241291
fall,1,0.4000000059604645
anniversary,2,0.30000001192092896
roque bar,1,0.6000000238418579
elaine,1,0.4000000059604645
call of duty,1,0.5
barrel,1,0.4000000059604645
laughs,1,0.30000001192092896
lobby cafe area,1,0.0
mandarin,1,0.5
tease,1,0.30000001192092896
tip,2,0.399999987334013
wedding solemnisation,1,-0.10000000149011612
wallets,1,-0.20000000298023224
wedding lunch,1,0.0
bed room suite,1,-0.10000000149011612
vip lot,1,0.0
wedding car,1,-0.10000000149011612
staffs dedication,1,0.699999988079071
room number,1,0.800000011920929
club room with club benefits,1,0.30000001192092896
strangers,1,0.10000000149011612
iteniraries,1,0.699999988079071
concerge,1,0.6000000238418579
ala carte buffet,1,0.6000000238418579
raise,1,0.0
recpt,1,0.800000011920929
hotel guest,2,0.75
little one,1,0.699999988079071
smoking area,1,0.4000000059604645
smokers,1,0.5
siti & shara,1,0.8999999761581421
sharlene,1,0.10000000149011612
remarks,1,-0.10000000149011612
comments,1,0.0
birthday surprise,2,0.3500000014901161
breakfasts,1,0.4000000059604645
covid19 situation,1,0.30000001192092896
q,1,0.699999988079071
lek,1,0.800000011920929
a,1,0.699999988079071
housekeeping matters,1,0.0
lady staff,1,0.0
toilet spray,1,0.0
check-in queue,1,0.0
wedding suits,1,-0.10000000149011612
drop off point,1,-0.20000000298023224
desserts,2,0.2500000111758709
timing,2,0.15000000596046448
deluxe twin,1,0.0
corner unit,1,0.30000001192092896
team well.,1,0.10000000149011612
14sep,1,0.6000000238418579
12sep,1,0.6000000238418579
opener,1,0.699999988079071
exclusives,1,0.0
forth,1,0.6000000238418579
kek lapis,1,0.0
bonus benefits,1,0.0
hotels.com,1,0.0
silver exclusives privileges,1,0.0
guest relation staff,1,0.5
card,1,0.6000000238418579
distancing measures,1,-0.4000000059604645
evening cocktail,1,0.10000000149011612
swimming pool slots,1,-0.4000000059604645
2d1n,1,0.30000001192092896
downside,1,-0.6000000238418579
flower bouquet,1,0.10000000149011612
swimming pool timeslot,1,0.6000000238418579
add,1,0.0
seafood beancurd,1,0.30000001192092896
fried string bean,1,0.5
cod,1,0.30000001192092896
steam dumpling,1,0.30000001192092896
xiao mei,1,0.8999999761581421
"margaret, rui qin",1,0.20000000298023224
joanne,1,0.10000000149011612
ling,1,0.8999999761581421
travel restrictions,1,-0.5
clients,2,0.5499999970197678
enthusiasm service,1,0.10000000149011612
step,1,0.699999988079071
prevention,1,0.800000011920929
conversation,1,0.800000011920929
esp gym,1,0.20000000298023224
distancing,1,0.30000001192092896
drink,5,0.4600000023841858
job guy,1,0.6000000238418579
malaysia,3,0.5333333313465118
mcdonald's,1,0.699999988079071
amara management,1,0.800000011920929
farewell,1,0.4000000059604645
staff smile,1,0.8999999761581421
fanatics,1,0.20000000298023224
fail,1,0.6000000238418579
#sgunited,1,0.5
cheers christina,1,0.10000000149011612
üòä,1,0.6000000238418579
old school design,1,0.0
laundry services,1,0.5
jenny,1,0.5
amelia,2,0.699999988079071
chef rahman,1,0.0
wedding preparations,1,0.800000011920929
andy,1,0.800000011920929
procrastination,1,0.20000000298023224
insights,1,0.30000001192092896
haha,1,0.6000000238418579
venue,1,0.8999999761581421
set-up,1,0.8999999761581421
preference,1,0.0
food tasting,1,0.0
generosity,1,0.6000000238418579
rate,2,0.5
lobby costumer service,1,0.5
plight,1,0.5
swimming pools,1,0.699999988079071
distance,2,0.550000011920929
marina bay,1,0.5
pond,1,0.0
stationery water,1,0.0
mosquito larvae,1,0.0
dengue,1,0.0
premises,1,0.10000000149011612
helen kuo,2,0.7000000178813934
margaret choong,2,0.8499999940395355
sweetest,1,0.800000011920929
repairman,3,-0.40000000099341076
room controller,1,-0.4000000059604645
controller,1,-0.20000000298023224
air temperature,1,-0.20000000298023224
unit,1,-0.20000000298023224
air con system,1,0.10000000149011612
vain,1,-0.5
amelia lim,2,0.550000011920929
dinner banquet,2,0.45000000670552254
changes,2,0.30000000074505806
plating,1,0.0
fish,1,0.4000000059604645
tea ceremony,1,0.800000011920929
concerige team,1,0.800000011920929
customer experience,2,0.04999998211860657
hats,1,0.699999988079071
staying experience,1,0.800000011920929
sea,1,0.0
grocery store,1,0.699999988079071
food stalls,1,0.0
streets,1,-0.10000000149011612
toiletry bag,1,0.0
food restaurant,1,0.10000000149011612
concierge team,1,0.800000011920929
assist,1,0.800000011920929
wedding event,1,0.699999988079071
wedding department,1,0.8999999761581421
old school hotel charm,1,0.0
wealth,1,0.30000001192092896
business trips,1,0.10000000149011612
welfare,1,0.20000000298023224
taste,2,0.6000000089406967
holes,3,-0.16666666666666666
inconvenience,2,-0.25
b,1,0.0
club entitlements,1,0.10000000149011612
club access,1,0.0
wear,1,-0.10000000149011612
mornings,1,0.10000000149011612
guest use,1,-0.4000000059604645
establishments,1,0.30000001192092896
groceries,1,0.20000000298023224
ladies,3,0.20000000298023224
two,1,0.6000000238418579
shifts,1,0.20000000298023224
just a few minute walk from the nearest mtr station,1,0.0
ÊúÄÂØÑÈßÖ,1,0.0
ÈÉ®Â±ã,1,0.8999999761581421
Êó•Êú¨,1,0.0
„Ç∑„ÉÜ„Ç£„Éõ„ÉÜ„É´,1,0.8999999761581421
„Éê„Çπ„Çø„Éñ,1,0.30000001192092896
Á®ãÂ∫¶,1,0.0
Ë¶≥ÂÖâÂú∞,1,0.0
„Çø„ÇØ„Ç∑„Éº,1,0.0
‰∫∫,1,0.0
token,1,0.20000000298023224
congratulations,1,0.20000000298023224
bar area,2,0.10000000149011612
pricing,1,0.4000000059604645
heat,1,0.699999988079071
mood,1,0.20000000298023224
jaz,1,0.20000000298023224
music,1,0.800000011920929
coffee shops,1,-0.30000001192092896
laksa,1,0.800000011920929
amounts,1,0.4000000059604645
thanying,1,0.30000001192092896
delicacies,1,0.30000001192092896
penang,1,0.800000011920929
sausage,1,0.4000000059604645
teh,1,0.5
nights business stay,1,0.5
set lunch,1,0.699999988079071
@ 9.90,1,0.6000000238418579
ambience atmosphere,1,0.699999988079071
length,1,0.800000011920929
staf,1,0.10000000149011612
ramp,1,0.0
steps,1,0.0
jodi,1,0.30000001192092896
joseph,2,0.30000000074505806
banquet ops team,1,0.10000000149011612
follow-up,1,0.6000000238418579
partnership,1,0.30000001192092896
venue confirmation,1,0.6000000238418579
potential,1,0.20000000298023224
filters,1,0.0
iron,1,-0.10000000149011612
room smell,1,0.0
smoking room,1,-0.10000000149011612
infront,2,-0.05000000074505806
laptop,1,-0.10000000149011612
safe,1,0.0
mulfunction shower,1,-0.10000000149011612
bus station,1,-0.10000000149011612
carrefour,1,-0.10000000149011612
joseph pua,1,0.30000001192092896
wedding lunch banquet,1,0.10000000149011612
dining options,1,0.5
hotel premises,1,0.10000000149011612
housekeeping issue,1,-0.699999988079071
cafe- staff,1,-0.10000000149011612
thomas tamwas,1,0.8999999761581421
urgency,1,-0.4000000059604645
egg station,1,-0.699999988079071
apple,1,-0.30000001192092896
wire,1,-0.10000000149011612
chew heng,1,-0.8999999761581421
hairdryer,1,-0.10000000149011612
apartment style suite,1,0.30000001192092896
mistake,1,-0.30000001192092896
smoking floor,2,-0.2499999925494194
raghu,1,0.30000001192092896
oasia downtown,1,0.30000001192092896
cleanliness issues,1,-0.30000001192092896
tourist family,1,0.6000000238418579
tem,1,0.6000000238418579
madame raymond,1,0.699999988079071
kindliness,1,0.8999999761581421
administration,1,0.10000000149011612
ballon,1,0.6000000238418579
@madame raymond,1,0.699999988079071
temple,1,0.8999999761581421
german,1,0.0
accommodation,1,0.6000000238418579
value attractions,1,0.699999988079071
smoothest,1,0.699999988079071
sifi,1,0.699999988079071
mtr,1,0.699999988079071
range,2,0.6000000089406967
nasi lemak,1,0.0
soba,1,0.0
siew mai,1,0.0
prata,1,0.0
maggie,1,0.800000011920929
world traveler,1,0.8999999761581421
shopping plaza,1,0.0
discount,2,0.3999999947845936
silk road,3,0.6000000089406967
travel agency owner,1,0.8999999761581421
4star hotel,1,0.5
street market,1,0.4000000059604645
eloise hung,1,0.10000000149011612
sunrise,1,0.10000000149011612
sauna facility,2,-0.10000000149011612
sauna,2,0.0
seating area,1,0.30000001192092896
spa,1,0.0
wellness,1,0.699999988079071
swimming & spa,1,0.30000001192092896
hell,1,-0.20000000298023224
legend,1,0.5
marketing ploy.,1,0.0
highlight,1,0.30000001192092896
confirmation,1,0.0
customer feedback,1,-0.20000000298023224
confirmation letter,1,0.0
sea aquarium,1,0.5
uss,1,0.6000000238418579
taxis,2,0.7000000178813934
sentosa island,1,0.6000000238418579
jokes,1,0.20000000298023224
amara bangkok,1,0.8999999761581421
üôèüèªüôèüèªüôèüèª,1,0.10000000149011612
assistant banquet operation manager,1,0.5
hotel breakfast food,1,0.800000011920929
duty,2,0.5999999940395355
crew,1,0.8999999761581421
sharon,5,0.6000000059604644
california red,1,0.30000001192092896
pt,1,0.800000011920929
food centre,1,0.800000011920929
hawker stall,1,0.800000011920929
maintenance crew,1,0.6000000238418579
stocks,1,0.6000000238418579
mdm sharon,1,0.699999988079071
connectong rooms,1,-0.30000001192092896
pet peeve,1,-0.4000000059604645
character,1,0.800000011920929
parcel,1,0.8999999761581421
xmas,1,0.8999999761581421
adults,1,0.6000000238418579
criticism,1,-0.20000000298023224
kitchen,1,0.6000000238418579
greenery,1,0.8999999761581421
fountains,1,0.8999999761581421
fianc√©e,1,0.8999999761581421
ee,1,0.20000000298023224
club lobby,1,0.8999999761581421
strip mall,1,0.699999988079071
cab services,1,0.6000000238418579
bus,1,0.6000000238418579
site,1,0.6000000238418579
thana,1,0.10000000149011612
kitchen crews,1,0.10000000149011612
margaret,3,0.3333333358168602
fock mei lin,1,0.10000000149011612
buffet dinner,2,0.0
tuna,1,0.0
margarita choong,1,0.699999988079071
service crew,2,0.6500000059604645
element diner,1,0.6000000238418579
in-laws,1,0.699999988079071
christmas buffet,1,0.6000000238418579
margaret chong,1,0.6000000238418579
helen,2,0.6500000059604645
atmosphere,3,0.8333333333333334
seafood varieties,1,0.10000000149011612
treat,1,0.6000000238418579
flavour,1,0.6000000238418579
seasonings,1,0.6000000238418579
mix,1,0.5
customer dining,1,0.8999999761581421
peking duck,1,0.4000000059604645
xiao long pau,1,0.4000000059604645
babies,1,0.20000000298023224
joanne toh,1,0.6000000238418579
tonite,1,0.30000001192092896
elaine loh,1,0.4000000059604645
chef jason,1,0.8999999761581421
kody,2,0.75
wedding manager,1,0.0
few,1,0.699999988079071
dinner programmes,1,0.0
aid,1,0.699999988079071
sequence,1,0.10000000149011612
cruise,1,0.0
boarding cards,1,0.0
club room lady,1,0.0
orientation,1,0.0
google,1,0.0
apac hq,1,0.0
possibilities,1,0.0
locality,1,0.800000011920929
spectrum,1,0.0
rosak,1,0.4000000059604645
jessie,2,0.8499999940395355
boarding passes,1,0.6000000238418579
return flights,1,0.6000000238418579
raymond.raymond,1,0.699999988079071
club area,1,0.699999988079071
weekend getaway,1,0.800000011920929
wonderful.,1,0.800000011920929
supper,1,0.800000011920929
sling,1,0.8999999761581421
talk,1,0.5
make,1,0.30000001192092896
singapole,1,0.5
service excellence attitude,1,0.800000011920929
nephew wedding,1,0.6000000238418579
operations,1,0.699999988079071
banquet leadership,1,0.30000001192092896
av support,1,0.699999988079071
wedding programmes,1,0.699999988079071
events,3,0.5000000049670538
silk road @ amara,1,0.30000001192092896
honey,1,0.8999999761581421
pork ribs,1,0.8999999761581421
kai lan,1,0.8999999761581421
üëçüòòüòä,1,0.8999999761581421
wonderful dessert,1,0.10000000149011612
silk road restaurant,1,0.0
display,1,0.699999988079071
business event,1,0.699999988079071
ms- tia,1,0.699999988079071
tia,12,0.6333333340783914
eots,1,0.699999988079071
occasions,1,0.699999988079071
decorations,1,0.8999999761581421
dinner buffet,1,0.30000001192092896
sea foods,1,0.8999999761581421
seminars,1,0.0
entrance hall,1,0.4000000059604645
feeling,1,0.4000000059604645
shopping center,1,0.20000000298023224
coffeehouse,1,0.20000000298023224
housekeeping supervisors,1,0.0
changing room,1,0.8999999761581421
hair dryer,1,-0.5
blow drying,1,-0.20000000298023224
button,1,-0.20000000298023224
laps,1,0.800000011920929
food suggestions,1,0.8999999761581421
opinions,1,0.5
pharmacy,1,0.699999988079071
parks,1,0.30000001192092896
siti and raymond,1,0.6000000238418579
judith,1,0.6000000238418579
decoration,1,-0.30000001192092896
preparation,1,-0.10000000149011612
errand,1,0.0
hotel reservation,1,-0.20000000298023224
tomato sandwich,1,0.6000000238418579
egg,1,0.699999988079071
scsm,1,0.0
favorite,1,0.699999988079071
wedding banquet,1,0.699999988079071
hotel venue,1,0.699999988079071
regrets,1,0.6000000238418579
wedding service,1,0.699999988079071
hotel coordinator,1,0.6000000238418579
privacy,1,0.0
bridal suite,1,0.0
banquet food,2,0.8499999940395355
health reason visit,1,0.10000000149011612
reception desk,1,0.699999988079071
mom,1,0.699999988079071
shang ting,1,0.800000011920929
zi ing yje,1,0.699999988079071
desmond,1,0.800000011920929
company drinks,1,0.20000000298023224
water control,1,-0.20000000298023224
singapore grand prix,1,-0.10000000149011612
camp bed,1,0.0
sons,1,0.0
jessie wong,1,0.800000011920929
henry,1,0.30000001192092896
terry room1212,1,0.20000000298023224
big bus,1,0.0
tickets,1,0.10000000149011612
terry room,1,0.10000000149011612
carol,1,0.10000000149011612
amara tapas bar,1,0.6000000238418579
creme brulee,1,0.4000000059604645
roast meat,1,0.800000011920929
mark,1,0.5
cheese,1,0.800000011920929
jack fruits,1,0.5
fruits,1,0.800000011920929
salad,1,0.8999999761581421
downtown,1,0.5
usd range,1,0.20000000298023224
video conferences,1,0.30000001192092896
lane,1,-0.6000000238418579
reasons,1,0.0
seminar,1,0.0
sales team,1,0.8999999761581421
ops team,1,0.8999999761581421
organiser,1,0.0
bath towel,1,0.0
quality control,1,-0.30000001192092896
arrogance,1,-0.4000000059604645
alert,1,0.0
email,1,0.0
amy jeffery joseph,1,0.6000000238418579
studio,1,0.6000000238418579
dessert choices,1,0.8999999761581421
joanne ü•≥,1,0.800000011920929
surrounding,1,0.800000011920929
appetite,1,0.699999988079071
waiter,1,0.6000000238418579
vibe,1,0.800000011920929
sophie,1,0.0
pilsner urquell,1,0.8999999761581421
mary,1,0.10000000149011612
o'haras,1,0.8999999761581421
kayla,1,0.8999999761581421
